{
  "commands": {
    "fullscreen": "全屏",
    "history": "前進後退",
    "mousemode": "平移",
    "navigation": "翻頁",
    "print": "打印",
    "refresh": "刷新",
    "singlepagemode": "單頁視圖",
    "continuousmode": "多頁視圖",
    "galleymode": "不分頁",
	"zoom": "縮放",
	"pdf": "PDF",
	"excel": "Excel",
	"docx": "Word",
	"image": "Image",
	"html": "HTML",
	"csv": "CSV",
	"json": "JSON",
	"txt": "TXT",
	"xml": "XML"
  },
  "commandsTitle": "工具欄選項",
  "saveCommandsError": "保存報表的工具欄選項時出現錯誤，請重試！",
  "getCommandsError": "加載報表的工具欄選項時出現錯誤，請重試！"
}
