{
  // general
  "subject": "文档<{{document}}>任务失败",
  "body": "文件名： {{documentName}}；\r\n文件类型：{{documentType}}；\r\n失败信息：{{errorMessage}}\r\n",

  // documentTypeName
  "dbd!name": "仪表板",
  "rdl!name": "报表",
  "dataset!name": "数据集",
  "dsc!name": "数据源",

  // executionException Common
  "executionErr_10001": "[执行错误] 未知的cot任务状态。",
  "executionErr_10002": "[执行错误] 没有找到cot任务。",
  "executionErr_10003": "[执行错误] cot任务没有被创建。",
  "executionErr_10004": "[执行错误] 发生IO错误:  {{errorMessage}}.",

  // executionException DataSourceTask
  "executionErr_11001": "[执行错误] 指定的文件夹不存在。",
  "executionErr_11002": "[执行错误] 没有权限访问当前数据源。",
  "executionErr_11003": "[执行错误] 文件 {{errorUsing}} 正在被使用，文件 {{errorDestroy}} 无法被抽取，请检查格式。",
  "executionErr_11004": "[执行错误] 文件 {{errorUsing}} 正在被使用。",
  "executionErr_11005": "[执行错误] 文件 {{errorDestroy}} 无法被抽取，请检查格式或密码。",
  "executionErr_11006": "[执行错误] 覆盖操作不支持多个文件。",
  "executionErr_11007": "[执行错误] 无法从刷新COT接口中获得正确的响应。",

  // executionExceptionDatasetRefresh
  "executionErr_12001": "[执行错误] 刷新COT异常: {{errorMessage}}.",

  // executionExceptionDashboardExport
  "executionErr_13001": "[执行错误] {{errorMessage}}.",

  // refreshTokenException
  "securityErr_10001": "[安全错误] 发现客户端检索发现文档错误。",
  "securityErr_10002": "[安全错误] 获取发现文档错误。",
  "securityErr_10003": "[安全错误] 请求刷新令牌错误。 \r\n错误:{{errorMessage}}。 \r\n错误详情:{{stackTrace}}。",
  "securityErr_10004": "[安全错误] {{errorMessage}}.",

  // deploymentException
  "deploymentErr_10001": "[部署错误] 电子邮件域错误: 收件人的电子邮件地址在当前组织外部。",
  "deploymentErr_10002": "[部署错误] 邮寄错误: {{errorMessage}}。",
  "deploymentErr_10003": "[部署错误] 邮寄错误: {{errorMessage}}。",
  "deploymentErr_10004": "[部署错误] 邮寄错误: {{errorMessage}}。",
  "deploymentErr_10005": "[部署错误] 文件共享错误: {{errorMessage}}",
  "deploymentErr_10006": "[部署错误] 运算结果有效期已过。",
  "deploymentErr_10007": "[部署错误] 由于报告为空，未送达。",
  "deploymentErr_10008": "[部署错误] 没有权限访问\"{{filePath}}\"。",
  "deploymentErr_10009": "[部署错误] 找不到路径\"{{filePath}}\"。"
}
