﻿[
	{
		"name": "Abs",
		"category": "数学",
		"syntax": [ "Abs(number)" ],
		"description": [ "获取指定数值（number）的绝对值。" ],
		"link": ""
	},
	{
		"name": "Acos",
		"category": "数学",
		"syntax": [ "Acos(number)" ],
		"description": [ "获取余弦值为指定数值（number）的角度（以弧度为单位）。" ],
		"link": ""
	},
	{
		"name": "Asin",
		"category": "数学",
		"syntax": [ "Asin(number)" ],
		"description": [ "获取正弦值为指定数值（number）的角度（以弧度为单位）。" ],
		"link": ""
	},
	{
		"name": "Atan",
		"category": "数学",
		"syntax": [ "Atan(number)" ],
		"description": [ "获取切线为指定数值（number）的角度（以弧度为单位）。" ],
		"link": ""
	},
	{
		"name": "Atn2",
		"category": "数学",
		"syntax": [ "Atn2(y, x)" ],
		"description": [ "获取其切线为指定数值（x和y）的商的角度（以弧度为单位）。" ],
		"link": ""
	},
	{
		"name": "Ceiling",
		"category": "数学",
		"syntax": [ "Ceiling(number)" ],
		"description": [ "获取大于或等于指定数值（number）的最小整数。" ],
		"link": ""
	},
	{
		"name": "Cos",
		"category": "数学",
		"syntax": [ "Cos(number)" ],
		"description": [ "获取指定角度的余弦值。" ],
		"link": ""
	},
	{
		"name": "Cot",
		"category": "数学",
		"syntax": [ "Cot(number)" ],
		"description": [ "获取指定角度的三角余切值的角度（以弧度为单位）。" ],
		"link": ""
	},
	{
		"name": "Degrees",
		"category": "数学",
		"syntax": [ "Degrees(radians)" ],
		"description": [ "获取以弧度指定的角度（radians）的角度（以度为单位）。" ],
		"link": ""
	},
	{
		"name": "Exp",
		"category": "数学",
		"syntax": [ "Exp(number)" ],
		"description": [ "获取e的指定数值（number）的幂次方。" ],
		"link": ""
	},
	{
		"name": "Floor",
		"category": "数学",
		"syntax": [ "Floor(number)" ],
		"description": [ "获取小于或等于指定十进制数（number）的最大整数。" ],
		"link": ""
	},
	{
		"name": "Log",
		"category": "数学",
		"syntax": [ "Log(number)", "Log(number, newBase)" ],
		"description": [ "获取（以e或指定数值newBase）为基数，指定数值（number）的自然对数。" ],
		"link": ""
	},
	{
		"name": "Log10",
		"category": "数学",
		"syntax": [ "Log10(number)" ],
		"description": [ "获取以10为基数，指定数值（number）的自然对数。" ],
		"link": ""
	},
	{
		"name": "PI",
		"category": "数学",
		"syntax": [ "PI()" ],
		"description": [ "获取表示圆的圆周与其直径的比率，由常数π指定。" ],
		"link": ""
	},
	{
		"name": "Power",
		"category": "数学",
		"syntax": [ "Power(x, y)" ],
		"description": [ "获取指定数数值（x）的指定数值（y）的幂次方。" ],
		"link": ""
	},
	{
		"name": "Radians",
		"category": "数学",
		"syntax": [ "Radians(degrees)" ],
		"description": [ "获取以度为指定数值表达式（degress）的数值（以弧度为单位）。" ],
		"link": ""
	},
	{
		"name": "Rand",
		"category": "数学",
		"syntax": [ "Rand()", "Rand(maxValue)", "Rand(minValue, maxValue)" ],
		"description": [ "获取指定范围内的随机整数，", "或者获取一个大于等于0。0且小于1。0的随机浮点数。" ],
		"link": ""
	},
	{
		"name": "Round",
		"category": "数学",
		"syntax": [ "Round(number)", "Round(number, digits)", "Round(number, digits, MidpointRounding mode)" ],
		"description": [ "获取将舍入为最接近的整数或指定的小数位数。", "可用的MidpointRounding枚举值: ToEven， AwayFromZero。" ],
		"link": ""
	},
	{
		"name": "Sign",
		"category": "数学",
		"syntax": [ "Sign(number)" ],
		"description": [ "获取一个数值符号（number）的整数。", "-1: 值小于零。", " 0: 值等于零。", " 1: 值大于零。" ],
		"link": ""
	},
	{
		"name": "Sin",
		"category": "数学",
		"syntax": [ "Sin(number)" ],
		"description": [ "获取指定角度（number）的正弦值。" ],
		"link": ""
	},
	{
		"name": "Sqrt",
		"category": "数学",
		"syntax": [ "Sqrt(number)" ],
		"description": [ "获取指定数值（number）的平方根。" ],
		"link": ""
	},
	{
		"name": "Square",
		"category": "数学",
		"syntax": [ "Square(number)" ],
		"description": [ "获取指定数值（number）的平方。" ],
		"link": ""
	},
	{
		"name": "Tan",
		"category": "数学",
		"syntax": [ "Tan(number)" ],
		"description": [ "获取指定角度（number）的正切值。" ],
		"link": ""
	},
	{
		"name": "DateAdd",
		"category": "日期时间",
		"syntax": [ "DateAdd(EDatePart ddatepart, number, dateTime)" ],
		"description": [ "获取将指定数值（number）作为有符号整数值添加到输入日期值（dateTime）的指定日期部分所产生的日期时间值。", "可用的EDatePart枚举值: ", "   Year， yyyy， yy，", "   Quarter， qq， q，", "   Month， mm， m，", "   DayOfYear， dy， y", "   Day， dd， d，", "   WeekDay， dw，", "   Week， ww， wk，", "   Hour， hh，", "   Minute， mi， n，", "   Second， ss， s，", "   MilliSecond， ms" ],
		"link": ""
	},
	{
		"name": "DateDiff",
		"category": "日期时间",
		"syntax": [ "DateDiff(EDatePart datepart, dateTime1, dateTime2)" ],
		"description": [ "获取指定日期（dateTime1）和（dateTime2）之间指定时间间隔（datepart）的数值（作为有符号整数值）。", "可用的EDatePart枚举值: ", "   Year， yyyy， yy，", "   Quarter， qq， q，", "   Month， mm， m，", "   DayOfYear， dy， y", "   Day， dd， d，", "   WeekDay， dw，", "   Week， ww， wk，", "   Hour， hh，", "   Minute， mi， n，", "   Second， ss， s，", "   MilliSecond， ms" ],
		"link": ""
	},
	{
		"name": "DateFromParts",
		"category": "日期时间",
		"syntax": [ "DateFromParts(year, month, day)" ],
		"description": [ "获取指定年（year），月（month）和日（day）的日期值。" ],
		"link": ""
	},
	{
		"name": "DatePart",
		"category": "日期时间",
		"syntax": [ "DatePart(EDatePart datepart, dateTime)" ],
		"description": [ "获取指定日期（dateTime）的datepart的整数。", "可用的EDatePart枚举值: ", "   Year， yyyy， yy，", "   Quarter， qq， q，", "   Month， mm， m，", "   DayOfYear， dy， y", "   Day， dd， d，", "   WeekDay， dw，", "   Week， ww， wk，", "   Hour， hh，", "   Minute， mi， n，", "   Second， ss， s，", "   MilliSecond， ms" ],
		"link": ""
	},
	{
		"name": "EOMonth",
		"category": "日期时间",
		"syntax": [ "EOMonth(dateTime, [int addMonth = 0])" ],
		"description": [ "获取包含具有可选偏移量的指定日期（dateTime）的月份的最后一天。" ],
		"link": ""
	},
	{
		"name": "GetDate",
		"category": "日期时间",
		"syntax": [ "GetDate()" ],
		"description": [ "获取当前系统时间戳，作为没有时区偏移的日期时间值。" ],
		"link": ""
	},
	{
		"name": "GetUtcDate",
		"category": "日期时间",
		"syntax": [ "GetUTCDate()" ],
		"description": [ "获取当前系统时间戳，作为UTC日期时间值而没有时区偏移量" ],
		"link": ""
	},
	{
		"name": "Concat",
		"category": "文本",
		"syntax": [ "Concat([string1,string2...])" ],
		"description": [ "获取给定字符串（string1，string2。。。）连接在一起生成的字符串。" ],
		"link": ""
	},
	{
		"name": "Format",
		"category": "文本",
		"syntax": [ "Format(value, format)" ],
		"description": [ "获取用指定格式（format）将指定值（value）格式化生成的字符串。" ],
		"link": ""
	},
	{
		"name": "IndexOf",
		"category": "文本",
		"syntax": [ "IndexOf(value, search)", "IndexOf(value, search, startIndex)" ],
		"description": [ "获取从开头或指定位置（startIndex）开始，获取给定字符串（value）中子字符串（search）的位置。" ],
		"link": ""
	},
	{
		"name": "IsNull",
		"category": "文本",
		"syntax": [ "IsNull(value)", "IsNull(value1, value2)" ],
		"description": [ "检查给定值（value）是否为null或DBNull;", "或者，如果指定值（value1）为null或DBNull，则获取备用值（value2）。" ],
		"link": ""
	},
	{
		"name": "Left",
		"category": "文本",
		"syntax": [ "Left(value, length)" ],
		"description": [ "获得从给定的字符串（value）中获取长度为（lengh）的子字符串（从左开始）" ],
		"link": ""
	},
	{
		"name": "Len",
		"category": "文本",
		"syntax": [ "Len(value)" ],
		"description": [ "获取给定字符串（value）的长度。" ],
		"link": ""
	},
	{
		"name": "Lower",
		"category": "文本",
		"syntax": [ "Lower(value)" ],
		"description": [ "获取将给定字符串（value）中的所有字符转换为小写生成的字符串。" ],
		"link": ""
	},
	{
		"name": "LTrim",
		"category": "文本",
		"syntax": [ "LTrim(value)" ],
		"description": [ "获取从给定字符串（value）中删除所有前导空格生成的字符串。" ],
		"link": ""
	},
	{
		"name": "Replace",
		"category": "文本",
		"syntax": [ "Replace(value, pattern, replacement)" ],
		"description": [ "获取用字符（replacement）替换给定字符串（value）中的字符序列（pattern）生成的字符串。" ],
		"link": ""
	},
	{
		"name": "Replicate",
		"category": "文本",
		"syntax": [ "Replicate(value, times)" ],
		"description": [ "获取重复给定的字符串（value）指定的次数（times）生成的字符串。 " ],
		"link": ""
	},
	{
		"name": "Reverse",
		"category": "文本",
		"syntax": [ "REverse(value)" ],
		"description": [ "获取反转给定字符串（value）生成的字符串。" ],
		"link": ""
	},
	{
		"name": "Right",
		"category": "文本",
		"syntax": [ "Right(value, length)" ],
		"description": [ "获得从给定的字符串（value）中获取长度为（lengh）的子字符串（从右开始）。" ],
		"link": ""
	},
	{
		"name": "RTrim",
		"category": "文本",
		"syntax": [ "RTrim(value)" ],
		"description": [ "获取从给定字符串（value）中删除所有尾随空格生成的字符串。" ],
		"link": ""
	},
	{
		"name": "SubString",
		"category": "文本",
		"syntax": [ "SubString(value, startIndex, length)", "SubString(value, startIndex)" ],
		"description": [ "获取给定字符串（value）中从指定数值（startIndex）开始，提取长度为指定数值（length）子字符串。" ],
		"link": ""
	},
	{
		"name": "ToString",
		"category": "文本",
		"syntax": [ "ToString(value)" ],
		"description": [ "获取给定对象（value）的字符串。" ],
		"link": ""
	},
	{
		"name": "Trim",
		"category": "文本",
		"syntax": [ "Trim(value)" ],
		"description": [ "获取从给定字符串（value）中删除所有前导和尾随空格生成的字符串。" ],
		"link": ""
	},
	{
		"name": "Upper",
		"category": "文本",
		"syntax": [ "Upper(value)" ],
		"description": [ "获取将给定字符串（value）中的所有字符转换为大写字母生成的字符串。" ],
		"link": ""
	},
	{
		"name": "Array",
		"category": "混合",
		"syntax": [ "Array([object1,object2...])" ],
		"description": [ "获取给定对象（object1，object2。。。）创建的数组。" ],
		"link": ""
	},
	{
		"name": "Category",
		"category": "混合",
		"syntax": [ "Category(value, RangeOption rangeOption, OutsideRangeOption outsideRangeOption, min, max, step)" ],
		"description": [ "获取表示指定值所在范围的文本。", "可用的RangeOption枚举值: IncludeLeft_ExcludeRight， ExcludeLeft_IncludeRight。", "可用的OutsideRangeOption枚举值: None， LessThanMin， GreaterThanMax， All" ],
		"link": ""
	},
	{
		"name": "CustomCategory",
		"category": "混合",
		"syntax": [ "CustomCategory(value, RangeOption rangeOption, [categoryDefinition1, categoryDefinition2...])" ],
		"description": [ "获取一个文本，表示指定值所在的范围。", "可用的RangeOption枚举值: IncludeLeft_ExcludeRight， ExcludeLeft_IncludeRight。" ],
		"link": ""
	},
	{
		"name": "FiscalYear",
		"category": "混合",
		"syntax": [ "FiscalYear(dateTime, startMonthOfFiscalYear)" ],
		"description": [ "获取指定日期（dateTime）的财政年度。" ],
		"link": ""
	},
	{
		"name": "FiscalMonth",
		"category": "混合",
		"syntax": [
			"FiscalMonth(dateTime, startMonthOfFiscalYear)"
		],
		"description": [
			"获取指定日期（dateTime）的财政月度。"
		],
		"link": ""
	},
	{
		"name": "FiscalQuarter",
		"category": "混合",
		"syntax": [
			"FiscalQuarter(dateTime, startMonthOfFiscalYear)"
		],
		"description": [
			"获取指定日期（dateTime）的财政季度。"
		],
		"link": ""
	},
	{
		"name": "Asc",
		"category": "文本",
		"syntax": [ "Asc(string)" ],
		"description": [ "获取与字符对应的字符代码的Integer值。" ],
		"link": ""
	},
	{
		"name": "AscW",
		"category": "文本",
		"syntax": [ "AscW(string)" ],
		"description": [ "获取与Unicode字符对应的字符代码的Integer值。" ],
		"link": ""
	},
	{
		"name": "Chr",
		"category": "文本",
		"syntax": [ "Chr(CharCode)" ],
		"description": [ "获取与指定字符代码关联的字符。" ],
		"link": ""
	},
	{
		"name": "ChrW",
		"category": "文本",
		"syntax": [ "ChrW(CharCode)" ],
		"description": [ "获取与指定字符代码关联的Unicode字符。" ],
		"link": ""
	},
	{
		"name": "Filter",
		"category": "文本",
		"syntax": [ "Filter([source1,source2...], Match, [bool Include = True], [CompareMethod Compare = Binary])" ],
		"description": [ "获取基于零的数组，该数组包含基于指定过滤条件的string数组的子集。", "可用的CompareMethod枚举值: Binary， Text。" ],
		"link": ""
	},
	{
		"name": "FormatCurrency",
		"category": "文本",
		"syntax": [ "FormatCurrency(expression, [int NumDigitsAfterDecimal = -1], [TriState IncludeLeadingDigit = UseDefault], [TriState UseParensForNegativeNumbers = UseDefault], [TriState GroupDigits = UseDefault])" ],
		"description": [ "使用系统控制面板中定义的货币符号，获取格式为货币值的表达式。", "可用的TriState枚举值: True， False， UseDefault。" ],
		"link": ""
	},
	{
		"name": "FormatDateTime",
		"category": "文本",
		"syntax": [ "FormatDateTime(expression, [DateFormat NamedFormat = GeneralDate])" ],
		"description": [ "获取表示日期/时间值的字符串表达式。", "可用的DateFormat枚举值: GeneralDate， LongDate， ShortDate， LongTime， ShortTime。" ],
		"link": ""
	},
	{
		"name": "FormatNumber",
		"category": "文本",
		"syntax": [ "FormatNumber(expression, [int NumDigitsAfterDecimal = -1], [TriState IncludeLeadingDigit = UseDefault], [TriState UseParensForNegativeNumbers = UseDefault], [TriState GroupDigits = UseDefault])" ],
		"description": [ "获取格式为数值的表达式。", "可用的TriState枚举值: True， False， UseDefault。" ],
		"link": ""
	},
	{
		"name": "FormatPercent",
		"category": "文本",
		"syntax": [ "FormatPercent(expression, numDigitsAfterDecimal = -1, TriState includeLeadingDigit = UseDefault, TriState useParensForNegativeNumbers = UseDefault, TriState groupDigits = TriState.UseDefault)" ],
		"description": [ "获取格式为百分比（即乘以100）的表达式，其尾部为%字符。", "可用的TriState枚举值: True， False， UseDefault。" ],
		"link": ""
	},
	{
		"name": "GetChar",
		"category": "文本",
		"syntax": [ "GetChar(str, Index)" ],
		"description": [ "获取表示所提供字符串（str）中指定索引（Index）的字符。" ],
		"link": ""
	},
	{
		"name": "InStr",
		"category": "文本",
		"syntax": [ "InStr(string1, string2, [CompareMethod Compare = Binary])" ],
		"description": [ "获取给定字符串string2）在字符串（string1）中第一次出现的起始位置。", "可用的CompareMethod枚举值: Binary， Text。" ],
		"link": ""
	},
	{
		"name": "InStrRev",
		"category": "文本",
		"syntax": [ "InStrRev(stringCheck, stringMatch, [int start = -1], [CompareMethod compare = Binary])" ],
		"description": [ "获取第一次出现的字符串（stringCheck）在字符串（stringMatch）中的位置（从字符串的右侧开始）。", "可用的CompareMethod枚举值: Binary， Text。" ],
		"link": ""
	},
	{
		"name": "Join",
		"category": "文本",
		"syntax": [ "Join([source1,source2...], [string delimiter = \" \"])" ],
		"description": [ "获取通过连接数组中包含的多个子字符串（source1，source2。。。）创建的字符串。" ],
		"link": ""
	},
	{
		"name": "LCase",
		"category": "文本",
		"syntax": [ "LCase(value)" ],
		"description": [ "获取将给定字符串（value）转换为小写的字符串或字符。" ],
		"link": ""
	},
	{
		"name": "LSet",
		"category": "文本",
		"syntax": [ "LSet(str, length)" ],
		"description": [ "获取包含调整为指定长度（length）的字符串（str）左对齐的字符串。" ],
		"link": ""
	},
	{
		"name": "Mid",
		"category": "文本",
		"syntax": [ "Mid(str, start)", "Mid(str, start, length)" ],
		"description": [ "获取包含指定字符串（str）中从指定数值（start）开始，获取指定数量（length）字符的字符串。" ],
		"link": ""
	},
	{
		"name": "RSet",
		"category": "文本",
		"syntax": [ "RSet(str, length)" ],
		"description": [ "获取包含调整为指定长度（length）的字符串（str）的右对齐的字符串。" ],
		"link": ""
	},
	{
		"name": "Space",
		"category": "文本",
		"syntax": [ "Space(number)" ],
		"description": [ "获取由指定数量（number）的空格组成的字符串。" ],
		"link": ""
	},
	{
		"name": "Split",
		"category": "文本",
		"syntax": [ "Split(str, [string delimiter = \" \"], [int limit = -1], [CompareMethod compare = Binary])" ],
		"description": [ "获取包含指定数量子字符串的从零开始的一维数组。" ],
		"link": ""
	},
	{
		"name": "StrComp",
		"category": "文本",
		"syntax": [ "StrComp(string1, string2, [CompareMethod compare = Binary])" ],
		"description": [ "获取根据字符串比较的结果，返回-1，0或1。" ],
		"link": ""
	},
	{
		"name": "StrDup",
		"category": "文本",
		"syntax": [ "StrDup(number, character)" ],
		"description": [ "获取由指定字符（character）重复指定次数（number）组成的字符串或对象。" ],
		"link": ""
	},
	{
		"name": "StrReverse",
		"category": "文本",
		"syntax": [ "StrReverse(str)" ],
		"description": [ "获得将给定字符串（str）的字符顺序颠倒过来生成的字符串。" ],
		"link": ""
	},
	{
		"name": "UCase",
		"category": "文本",
		"syntax": [ "UCase(str)" ],
		"description": [ "获取将指定字符串（str）转换为大写的字符串或字符。" ],
		"link": ""
	},
	{
		"name": "StrLike",
		"category": "文本",
		"syntax": [ "StrLike(str, pattern, CompareMethod compareOption)" ],
		"description": [ "比较参数（str）和（pattern）并返回与Like运算符相同的结果。", "可用的CompareMethod枚举值: Binary， Text。" ],
		"link": ""
	},
	{
		"name": "StrLikeText",
		"category": "文本",
		"syntax": [ "StrLikeText(str, Pattern)" ],
		"description": [ "使用文本比较参数（str）和（pattern）并返回与Like运算符相同的结果。" ],
		"link": ""
	},
	{
		"name": "StrLikeBinary",
		"category": "文本",
		"syntax": [ "StrLikeBinary(str, Pattern)" ],
		"description": [ "使用二进制比较参数（str）和（pattern）并返回与Like运算符相同的结果。" ],
		"link": ""
	},
	{
		"name": "DateSerial",
		"category": "日期时间",
		"syntax": [ "DateSerial(year, month, day)" ],
		"description": [ "获取表示指定年（year），月（month）和日（day）的日期值。" ],
		"link": ""
	},
	{
		"name": "DateString",
		"category": "日期时间",
		"syntax": [ "DateString()" ],
		"description": [ "根据您的系统返回表示当前日期的字符串。" ],
		"link": ""
	},
	{
		"name": "DateValue",
		"category": "日期时间",
		"syntax": [ "DateValue(stringDate)" ],
		"description": [ "获取包含字符串表示的日期信息的Date值，时间信息设置为凌晨（00:00:00）。" ],
		"link": ""
	},
	{
		"name": "Day",
		"category": "日期时间",
		"syntax": [ "Day(dateValue)" ],
		"description": [ "获取1到31之间的Integer值，表示该月的某天。" ],
		"link": ""
	},
	{
		"name": "Hour",
		"category": "日期时间",
		"syntax": [ "Hour(timeValue)" ],
		"description": [ "获取0到23之间的整数值，表示一天中的小时。" ],
		"link": ""
	},
	{
		"name": "Minute",
		"category": "日期时间",
		"syntax": [ "Minute(timeValue)" ],
		"description": [ "获取0到59之间的整数值，表示小时的分钟。" ],
		"link": ""
	},
	{
		"name": "Month",
		"category": "日期时间",
		"syntax": [ "Month(dateValue)" ],
		"description": [ "获取1到12之间的整数值，表示一年中的月份" ],
		"link": ""
	},
	{
		"name": "MonthName",
		"category": "日期时间",
		"syntax": [ "MonthName(month, [bool abbreviate = false])" ],
		"description": [ "获取包含指定月份month名称的字符串。" ],
		"link": ""
	},
	{
		"name": "Now",
		"category": "日期时间",
		"syntax": [ "Now()" ],
		"description": [ "根据您的系统返回包含当前日期和时间的日期值。" ],
		"link": ""
	},
	{
		"name": "Second",
		"category": "日期时间",
		"syntax": [ "Second(timeValue)" ],
		"description": [ "获取0到59之间的整数值，表示分钟的秒。" ],
		"link": ""
	},
	{
		"name": "TimeOfDay",
		"category": "日期时间",
		"syntax": [ "TimeOfDay()" ],
		"description": [ "根据您的系统返回或设置包含当前时间的日期值。" ],
		"link": ""
	},
	{
		"name": "Timer",
		"category": "日期时间",
		"syntax": [ "Timer()" ],
		"description": [ "获取自凌晨起经过的秒数。" ],
		"link": ""
	},
	{
		"name": "TimeSerial",
		"category": "日期时间",
		"syntax": [ "TimeSerial(hour, minute, second)" ],
		"description": [ "获取表示指定小时，分钟和秒的Date值，其中日期信息设置为相对于1年的1月1日。" ],
		"link": ""
	},
	{
		"name": "TimeString",
		"category": "日期时间",
		"syntax": [ "TimeString()" ],
		"description": [ "根据您的系统返回或设置表示当前时间的字符串。" ],
		"link": ""
	},
	{
		"name": "TimeValue",
		"category": "日期时间",
		"syntax": [ "TimeValue(stringTime)" ],
		"description": [ "获取包含字符串表示的时间信息的Date值，日期信息设置为1年1月1日。" ],
		"link": ""
	},
	{
		"name": "Today",
		"category": "日期时间",
		"syntax": [ "Today()" ],
		"description": [ "根据您的系统返回或设置包含当前日期的日期值。" ],
		"link": ""
	},
	{
		"name": "Weekday",
		"category": "日期时间",
		"syntax": [ "Weekday(dateValue, [FirstDayOfWeek dayOfWeek = Sunday])" ],
		"description": [ "获取表示星期几的数值。", "可用的FirstDayOfWeek枚举值: System， Sunday， Monday， Tuesday， Wednesday， Thursday， Friday， Saturday。" ],
		"link": ""
	},
	{
		"name": "WeekdayName",
		"category": "日期时间",
		"syntax": [ "WeekdayName(weekday, [bool abbreviate = false], [FirstDayOfWeek firstDayOfWeekValue = System])" ],
		"description": [ "获取包含指定工作日名称的字符串。", "可用的FirstDayOfWeek枚举值: System， Sunday， Monday，Tuesday， Wednesday， Thursday， Friday， Saturday。" ],
		"link": ""
	},
	{
		"name": "Year",
		"category": "日期时间",
		"syntax": [ "Year(dateValue)" ],
		"description": [ "获取表示年份的1到9999之间的数值。" ],
		"link": ""
	},
	{
		"name": "CBool",
		"category": "类型转换",
		"syntax": [ "CBool(value)" ],
		"description": [ "将给定值（value）转换为'bool'类型。" ],
		"link": ""
	},
	{
		"name": "CByte",
		"category": "类型转换",
		"syntax": [ "CByte(value)" ],
		"description": [ "将给定值（value）转换为'byte'类型。" ],
		"link": ""
	},
	{
		"name": "CChar",
		"category": "类型转换",
		"syntax": [ "CChar(value)" ],
		"description": [ "将给定值（value）转换为'char'类型。" ],
		"link": ""
	},
	{
		"name": "CDate",
		"category": "类型转换",
		"syntax": [ "CDate(value)" ],
		"description": [ "将给定值（value）转换为'DateTime'类型。" ],
		"link": ""
	},
	{
		"name": "CDbl",
		"category": "类型转换",
		"syntax": [ "CDbl(value)" ],
		"description": [ "将给定值（value）转换为'double'类型。" ],
		"link": ""
	},
	{
		"name": "CDec",
		"category": "类型转换",
		"syntax": [ "CDec(value)" ],
		"description": [ "将给定值（value）转换为'decimal'类型。" ],
		"link": ""
	},
	{
		"name": "CInt",
		"category": "类型转换",
		"syntax": [ "CInt(value)" ],
		"description": [ "将给定值（value）转换为'int'类型。" ],
		"link": ""
	},
	{
		"name": "CLng",
		"category": "类型转换",
		"syntax": [ "CLng(value)" ],
		"description": [ "将给定值（value）转换为'long'类型。" ],
		"link": ""
	},
	{
		"name": "CShort",
		"category": "类型转换",
		"syntax": [ "CShort(value)" ],
		"description": [ "将给定值（value）转换为'short'类型。" ],
		"link": ""
	},
	{
		"name": "CSng",
		"category": "类型转换",
		"syntax": [ "CSng(value)" ],
		"description": [ "将给定值（value）转换为'float'类型。" ],
		"link": ""
	},
	{
		"name": "CStr",
		"category": "类型转换",
		"syntax": [ "CStr(value)" ],
		"description": [ "将给定值（value）转换为'string'类型。" ],
		"link": ""
	},
	{
		"name": "Fix",
		"category": "类型转换",
		"syntax": [ "Fix(number)" ],
		"description": [ "获取指定数值（number）的整数部分。", "Differences between Int and Fix: Int converts -8。4 to -9， Fix converts -8。4 to -8。" ],
		"link": ""
	},
	{
		"name": "Hex",
		"category": "类型转换",
		"syntax": [ "Hex(number)" ],
		"description": [ "获取指定数值（number）的十六进制值的字符串。" ],
		"link": ""
	},
	{
		"name": "Int",
		"category": "类型转换",
		"syntax": [ "Int(number)" ],
		"description": [ "获取指定数值（number）的整数部分。", "Int和Fix之间的差异：Int将-8。4转换为-9，Fix将-8。4转换为-8。" ],
		"link": ""
	},
	{
		"name": "Oct",
		"category": "类型转换",
		"syntax": [ "Oct(number)" ],
		"description": [ "获取指定数值（number）的八进制值的字符串。" ],
		"link": ""
	},
	{
		"name": "Str",
		"category": "类型转换",
		"syntax": [ "Str(number)" ],
		"description": [ "获取指定数字（number）的字符串表示形式。", "始终为数字符号保留前导空格。" ],
		"link": ""
	},
	{
		"name": "Val",
		"category": "类型转换",
		"syntax": [ "Val(expression)" ],
		"description": [ "获取字符串中包含的数字作为适当类型的数值。" ],
		"link": ""
	},
	{
		"name": "Rnd",
		"category": "数学",
		"syntax": [ "Rnd()", "Rnd(seed)" ],
		"description": [ "获取Single类型的随机数。" ],
		"link": ""
	},
	{
		"name": "Choose",
		"category": "流程",
		"syntax": [ "Choose(Index, [choice1,choice2...])" ],
		"description": [ "根据index的值从选择列表中返回一个值。", "如果index为1，则选择返回列表中的第一个选项;如果index为2，则返回第二个选择，依此类推。", "语法: Choose（index， choice-1 [， choice-2， 。。。 [， choice-n ]] ）" ],
		"link": ""
	},
	{
		"name": "IIF",
		"category": "流程",
		"syntax": [ "IIF(expression, TruePart, FalsePart)" ],
		"description": [ "获取两个对象中的一个，如果表达式的计算结果为真，则选择返回（TruePart）;否则返回（FalsePart）。" ],
		"link": ""
	},
	{
		"name": "Switch",
		"category": "流程",
		"syntax": [ "Switch([varExpr1,varExpr2...])" ],
		"description": [ "计算表达式列表并返回与列表中第一个表达式相关联的值或表达式，该值为True。", "语法: Switch（expr-1， value-1 [ ，expr-2，value-2… [ ，expr-n，value-n ]] ）" ],
		"link": ""
	},
	{
		"name": "Partition",
		"category": "流程",
		"syntax": [ "Partition(Number, Start, Stop, Interval)" ],
		"description": [ "获取指示在计算的一系列范围内出现数字的位置。", "您可以创建一个选择查询，显示有多少订单落在各种范围内，例如，订单值从1到1000，1001到2000，依此类推。" ],
		"link": ""
	},
	{
		"name": "IsArray",
		"category": "检测",
		"syntax": [ "IsArray(exp)" ],
		"description": [ "获取一个布尔值，指示变量（exp）是否为数组。" ],
		"link": ""
	},
	{
		"name": "IsDate",
		"category": "检测",
		"syntax": [ "IsDate(exp)" ],
		"description": [ "获取一个布尔值，如果表达式是日期或可识别为有效日期或时间，则返回True;反之，则返回False" ],
		"link": ""
	},
	{
		"name": "IsNothing",
		"category": "检测",
		"syntax": [ "IsNothing(exp)" ],
		"description": [ "获取一个布尔值，指示表达式是否没有为其分配对象。" ],
		"link": ""
	},
	{
		"name": "IsNumeric",
		"category": "检测",
		"syntax": [ "IsNumeric(exp)" ],
		"description": [ "获取一个布尔值，指示是否可以将表达式计算为数字。" ],
		"link": ""
	},
	{
		"name": "IsError",
		"category": "检测",
		"syntax": [ "IsError(exp)" ],
		"description": [ "获取一个布尔值，指示是否可以将表达式计算为错误（exception）。" ],
		"link": ""
	},
	{
		"name": "IsDBNull",
		"category": "检测",
		"syntax": [ "IsDBNull(exp)" ],
		"description": [ "获取一个布尔值，指示对象是空值还是DBNull。" ],
		"link": ""
	},
	{
		"name": "DDB",
		"category": "财务",
		"syntax": [ "DDB(Cost, Salvage, Life, Period, [double Factor = 2.0])" ],
		"description": [ "获取使用双倍余额递减法或您指定的其他方法指定特定时间段内资产的折旧。", "查看详细信息 https://msdn。microsoft。com/en-us/vba/language-reference-vba/articles/ddb-function。" ],
		"link": ""
	},
	{
		"name": "FV",
		"category": "财务",
		"syntax": [ "FV(Rate, NPer, Pmt, [double PV = 0.0], [DueDate Due = EndOfPeriod])" ],
		"description": [ "获取指定基于定期，固定付款和固定利率的年金的未来价值。", "可用的DueDate枚举值: EndOfPeriod， BegOfPeriod。", "查看详细信息 https://msdn。microsoft。com/en-us/vba/language-reference-vba/articles/fv-function。" ],
		"link": ""
	},
	{
		"name": "IPMT",
		"category": "财务",
		"syntax": [ "IPmt(Rate, Per, NPer, PV, [double FV = 0.0], [DueDate Due = EndOfPeriod])" ],
		"description": [ "获取指定基于定期固定付款和固定利率的特定年金期间的利息支付。", "可用的DueDate枚举值: EndOfPeriod， BegOfPeriod。", "查看详细信息 https://msdn。microsoft。com/en-us/vba/language-reference-vba/articles/ipmt-function。" ],
		"link": ""
	},
	{
		"name": "NPER",
		"category": "财务",
		"syntax": [ "NPer(Rate, Pmt, PV, [double FV = 0.0], [DueDate Due = EndOfPeriod])" ],
		"description": [ "获取指定基于定期，固定付款和固定利率的年金的期数。", "可用的DueDate枚举值: EndOfPeriod， BegOfPeriod。", "查看详细信息 https://msdn。microsoft。com/en-us/vba/language-reference-vba/articles/nper-function。" ],
		"link": ""
	},
	{
		"name": "PMT",
		"category": "财务",
		"syntax": [ "Pmt(Rate, NPer, PV, [double FV = 0.0], [DueDate Due = EndOfPeriod)]" ],
		"description": [ "获取指定基于定期固定付款和固定利率的年金付款。", "可用的DueDate枚举值: EndOfPeriod， BegOfPeriod。", "查看详细信息 https://msdn。microsoft。com/en-us/vba/language-reference-vba/articles/pmt-function。" ],
		"link": ""
	},
	{
		"name": "PPMT",
		"category": "财务",
		"syntax": [ "PPmt(Rate, Per, NPer, PV, [double FV = 0.0], [DueDate Due = EndOfPeriod])" ],
		"description": [ "获取指定基于定期固定付款和固定利率的特定年金期间的本金。", "可用的DueDate枚举值: EndOfPeriod， BegOfPeriod。", "查看详细信息 https://msdn。microsoft。com/en-us/vba/language-reference-vba/articles/ppmt-function。" ],
		"link": ""
	},
	{
		"name": "PV",
		"category": "财务",
		"syntax": [ "PV(Rate, NPer, Pmt, [double FV = 0.0], [DueDate Due = EndOfPeriod])" ],
		"description": [ "获取指定基于将来要支付的定期固定付款和固定利率的年金现值。", "可用的DueDate枚举值: EndOfPeriod， BegOfPeriod。", "查看详细信息 https://msdn。microsoft。com/en-us/vba/language-reference-vba/articles/pv-function。" ],
		"link": ""
	},
	{
		"name": "RATE",
		"category": "财务",
		"syntax": [ "Rate(NPer, Pmt, PV, [double FV = 0.0], [DueDate Due = EndOfPeriod], [double Guess = 0.1])" ],
		"description": [ "获取指定年金的每个期间的利率。", "可用的DueDate枚举值: EndOfPeriod， BegOfPeriod。", "查看详细信息 https://msdn。microsoft。com/en-us/vba/language-reference-vba/articles/rate-function。" ],
		"link": ""
	},
	{
		"name": "SLN",
		"category": "财务",
		"syntax": [ "SLN(Cost, Salvage, Life)" ],
		"description": [ "获取指定单个期间资产的直线折旧。", "查看详细信息 https://msdn。microsoft。com/en-us/vba/language-reference-vba/articles/sln-function。" ],
		"link": ""
	},
	{
		"name": "SYD",
		"category": "财务",
		"syntax": [ "SYD(Cost, Salvage, Life, Period)" ],
		"description": [ "获取指定指定期间内资产的年数总和折旧。", "查看详细信息 https://msdn。microsoft。com/en-us/vba/language-reference-vba/articles/syd-function。" ],
		"link": ""
	}
]