﻿[
	{
		"name": "Concat",
		"category": "Text",
		"description": "获取两个或多个字符串值串联的字符串。",
		"signature": "Concat(string_value1, string_value2 [, string_valueN])",
		"parameters": [
			{
				"name": "string_value1",
				"value": "The first string to be concatenated."
			},
			{
				"name": "string_value2",
				"value": "The second string to be concatenated."
			},
			{
				"name": "*",
				"value": "The optional additional strings to be concatenated."
			}
		]
	},
	{
		"name": "Format",
		"category": "Text",
		"description": "获取指定格式格式化的值。",
		"signature": "Format(value, format)",
		"parameters": [
			{
				"name": "value",
				"value": "The string to format."
			},
			{
				"name": "format",
				"value": "The string specifying the syntax of the date or numeric format."
			}
		]
	},
	{
		"name": "Indexof",
		"category": "Text",
		"description": "获取字符串中指定表达式的起始位置。",
		"signature": "Indexof(expressionToSearch, expressionToFind [,start_location ])",
		"parameters": [
			{
				"name": "expressionToSearch",
				"value": "The character expression, typically a column, to search."
			},
			{
				"name": "expressionToFind",
				"value": "The character expression to find."
			},
			{
				"name": "start_location",
				"value": "The optional character position to start searching for expressionToFind in expressionToSearch."
			}
		]
	},
	{
		"name": "IsNull",
		"category": "Text",
		"description": "用指定的值替换null。",
		"signature": "IsNull(check_expression , replacement_value )",
		"parameters": [
			{
				"name": "check_expression",
				"value": "The expression to be checked for null."
			},
			{
				"name": "replacement_value",
				"value": "The expression to be returned if check_expression is null."
			}
		]
	},
	{
		"name": "Left",
		"category": "Text",
		"description": "获取从指定字符串左侧开始计数的指定字符数。",
		"signature": "Left(character_expression , integer_expression )",
		"parameters": [
			{
				"name": "character_expression",
				"value": "The character expression."
			},
			{
				"name": "integer_expression",
				"value": "The positive integer that specifies how many characters will be returned counting from the left of character_expression."
			}
		]
	},
	{
		"name": "Len",
		"category": "Text",
		"description": "获取指定字符串表达式的字符数。",
		"signature": "Len(string_expression)",
		"parameters": [
			{
				"name": "string_expression",
				"value": "The string expression."
			}
		]
	},
	{
		"name": "Lower",
		"category": "Text",
		"description": "获取字符表达式，其中大写字符数据转换为小写。",
		"signature": "Lower(character_expression)",
		"parameters": [
			{
				"name": "character_expression",
				"value": "The character expression."
			}
		]
	},
	{
		"name": "Ltrim",
		"category": "Text",
		"description": "获取删除前导空格的字符表达式。",
		"signature": "Ltrim(character_expression)",
		"parameters": [
			{
				"name": "character_expression",
				"value": "The character expression."
			}
		]
	},
	{
		"name": "Replace",
		"category": "Text",
		"description": "用给定字符串替换所有出现的字符串。",
		"signature": "Replace(string_expression, string_pattern, string_replacement)",
		"parameters": [
			{
				"name": "string_expression",
				"value": "The string expression to be searched. Can be a character or binary data type."
			},
			{
				"name": "string_pattern",
				"value": " The substring to be found. Cannot be an empty string."
			},
			{
				"name": "string_replacement",
				"value": "The replacement string."
			}
		]
	},
	{
		"name": "Replicate",
		"category": "Text",
		"description": "重复指定次数的字符串值。",
		"signature": "Replicate(string_expression ,integer_expression )",
		"parameters": [
			{
				"name": "string_expression",
				"value": "The string to replicate."
			},
			{
				"name": "integer_expression",
				"value": "The repeat count."
			}
		]
	},
	{
		"name": "Reverse",
		"category": "Text",
		"description": "获取字符串表达式的相反顺序。",
		"signature": "Reverse(string_expression )",
		"parameters": [
			{
				"name": "string_expression",
				"value": "The string."
			}
		]
	},
	{
		"name": "Right",
		"category": "Text",
		"description": "获取具有指定字符数的字符串的右侧部分。",
		"signature": "Right(character_expression , integer_expression )",
		"parameters": [
			{
				"name": "character_expression",
				"value": "The character expression."
			},
			{
				"name": "integer_expression",
				"value": "The positive integer that specifies how many characters of the character expression will be returned."
			}
		]
	},
	{
		"name": "Rtrim",
		"category": "Text",
		"description": "获取删除尾随空白后的字符表达式。",
		"signature": "Rtrim(character_expression)",
		"parameters": [
			{
				"name": "character_expression",
				"value": "The character expression."
			}
		]
	},
	{
		"name": "Substring",
		"category": "Text",
		"description": "获取从指定的索引开始具有指定长度的字符串部分。",
		"signature": "Substring(expression,integer_start,integer_length)",
		"parameters": [
			{
				"name": "expression",
				"value": " The character string."
			},
			{
				"name": "integer_start",
				"value": "The positive integer that specifies the start index of characters to return."
			},
			{
				"name": "integer_length",
				"value": "The positive integer that specifies how many characters will be returned."
			}
		]
	},
	{
		"name": "Tostring",
		"category": "Text",
		"description": "将此实例的值转换为其等效的字符串表示形式。",
		"signature": "Tostring(string_value1)",
		"parameters": [
			{
				"name": "string_value1",
				"value": "The string to be converted."
			}
		]
	},
	{
		"name": "Trim",
		"category": "Text",
		"description": "获取删除前导和尾随空格的字符表达式。",
		"signature": "Trim(character_expression)",
		"parameters": [
			{
				"name": "character_expression",
				"value": "The character expression."
			}
		]
	},
	{
		"name": "Upper",
		"category": "Text",
		"description": "获取字符表达式，其中小写字符数据转换为大写。",
		"signature": "Upper(character_expression)",
		"parameters": [
			{
				"name": "character_expression",
				"value": "The character expression."
			}
		]
	},
	{
		"name": "DateAdd",
		"category": "Datetime",
		"description": "获取将指定数值（作为有符号整数值）添加到输入日期值的指定日期部分所产生的日期时间值。",
		"signature": "DateAdd(datepart , integer_number , date [, dateformat])",
		"parameters": [
			{
				"name": "datepart",
				"value": "The part of the date to add the specified number to. The valid values and abbreviations are year (yy, yyyy), quarter (qq, q), month (mm, m), dayofyear (dy, y), day (dd, d), week (wk, ww), weekday (dw), hour (hh), minute (mi, n), second (ss, s), and millisecond (ms)."
			},
			{
				"name": "integer_number",
				"value": " The number to be added."
			},
			{
				"name": "date",
				"value": "The expression of the datetime data type."
			},
			{
				"name": "dateformat",
				"value": "The optional output date format."
			}
		]
	},
	{
		"name": "Datediff",
		"category": "Datetime",
		"description": "获取指定的开始日期和结束日期之间指定时间间隔的数值（有符号整数）。",
		"signature": "Datediff ( datepart , startdate , enddate )",
		"parameters": [
			{
				"name": "datepart",
				"value": "The part of the date that is the time interval of the difference between the start date and end date. The valid values and abbreviations are day (dd, d), hour (hh), minute (mi, n), second (ss, s), and millisecond (ms)."
			},
			{
				"name": "startdate",
				"value": "The datetime expression of the start date."
			},
			{
				"name": "enddate",
				"value": " The datetime expression of the end date."
			}
		]
	},
	{
		"name": "Datefromparts",
		"category": "Datetime",
		"description": "获取指定年，月和日的日期时间值。",
		"signature": "Datefromparts(integer_year, integer_month, integer_day)",
		"parameters": [
			{
				"name": "integer_year",
				"value": "The integer expression specifying the year."
			},
			{
				"name": "integer_month",
				"value": "The integer expression specifying the month."
			},
			{
				"name": "integer_day",
				"value": "The integer expression specifying the day."
			}
		]
	},
	{
		"name": "Datepart",
		"category": "Datetime",
		"description": "获取表示指定日期的指定日期部分的字符串。",
		"signature": "Datepart(datepart, date [,integer_datefirst])",
		"parameters": [
			{
				"name": "datepart",
				"value": " The part of the date to return. The valid values and abbreviations are year (yy, yyyy), quarter (qq, q), month (mm, m), dayofyear (dy, y), day (dd, d), week (wk, ww), weekday (dw), hour (hh), minute (mi, n), second (ss, s), millisecond (ms), microsecond (mcs), nanosecond (ns), TZoffset (tz), and ISO_WEEK (isowk,isoww)."
			},
			{
				"name": "date",
				"value": "The datetime string."
			},
			{
				"name": "integer_datefirst",
				"value": "The optional integer representing the first day of the week. The default is 7, Sunday."
			}
		]
	},
	{
		"name": "Eomonth",
		"category": "Datetime",
		"description": "获取包含具有可选偏移量的指定日期的月份的最后一天。",
		"signature": "Eomonth(start_date [, integer_month_to_add ])",
		"parameters": [
			{
				"name": "start_date",
				"value": "The datetime expression specifying the date for which to return the last day of the month."
			},
			{
				"name": "integer_month_to_add",
				"value": " The optional integer expression specifying the number of months to add to start_date."
			}
		]
	},
	{
		"name": "GetDate",
		"category": "Datetime",
		"description": "以数据时间值的形式返回数据库系统的当前时间戳。该值等于CURRENT_TIMESTAMP和SYSDATETIME。",
		"signature": "GetDate()",
		"parameters": []
	},
	{
		"name": "GetUtcDate",
		"category": "Datetime",
		"description": "获取格式化为UTC日期时间值的数据库系统的当前时间戳。该值等于SYSUTCDATETIME。",
		"signature": "GetUtcDate()",
		"parameters": []
	},
	{
		"name": "Abs",
		"category": "Math",
		"description": "返回指定数值表达式的绝对（正）值。",
		"signature": "Abs(numeric_expression)",
		"parameters": [
			{
				"name": "numeric_expression",
				"value": "The expression of an indeterminate numeric data type except for the bit data type."
			}
		]
	},
	{
		"name": "Acos",
		"category": "Math",
		"description": "获取其余弦值为指定数值的角度（以弧度为单位）。 ",
		"signature": "Acos(float_expression )",
		"parameters": [
			{
				"name": "float_expression",
				"value": "The float expression that specifies the cosine of the angle to be returned. Values outside the range from -1 to 1 return null."
			}
		]
	},
	{
		"name": "Asin",
		"category": "Math",
		"description": "获取其正弦值为指定数值的角度（以弧度为单位）。 ",
		"signature": "Asin(float_expression )",
		"parameters": [
			{
				"name": "float_expression",
				"value": "The float expression that specifies the sine of the angle to be returned. Values outside the range from -1 to 1 return null."
			}
		]
	},
	{
		"name": "Atan",
		"category": "Math",
		"description": "获取其切线为指定数值的角度（以弧度为单位）。",
		"signature": "Atan(float_expression )",
		"parameters": [
			{
				"name": "float_expression",
				"value": "The float expression that specifies the tangent of the angle to be returned."
			}
		]
	},
	{
		"name": "Atan2",
		"category": "Math",
		"description": "获取正x轴与从原点到点（y，x）的射线之间的弧度角度，其中x和y是两个指定的float表达式的值。",
		"signature": "Atan2(float_expression1, float_expression2 )",
		"parameters": [
			{
				"name": "float_expression1",
				"value": "The float expression that is the y-coordinate."
			},
			{
				"name": "float_expression2",
				"value": "The float expression that is the x-coordinate."
			}
		]
	},
	{
		"name": "Ceiling",
		"category": "Math",
		"description": "获取大于或等于指定数值表达式的最小整数。",
		"signature": "Ceiling(numeric_expression )",
		"parameters": [
			{
				"name": "numeric_expression",
				"value": "The expression of an indeterminate numeric data type except for the bit data type."
			}
		]
	},
	{
		"name": "Cos",
		"category": "Math",
		"description": "获取指定角度的余弦值。",
		"signature": "Cos(float_expression)",
		"parameters": [
			{
				"name": "float_expression",
				"value": "The float expression of the specified angle in radians."
			}
		]
	},
	{
		"name": "Cot",
		"category": "Math",
		"description": "获取值为指定角度的三角余切值的角度（以弧度为单位），。",
		"signature": "Cot(float_expression)",
		"parameters": [
			{
				"name": "float_expression",
				"value": "The float expression of the angle in radians."
			}
		]
	},
	{
		"name": "Degrees",
		"category": "Math",
		"description": "获取以弧度指定的角度的度数（以度为单位）。",
		"signature": "Degrees(numeric_expression )",
		"parameters": [
			{
				"name": "numeric_expression",
				"value": "The angle in radians, an expression of an indeterminate numeric data type except for the bit data type."
			}
		]
	},
	{
		"name": "Exp",
		"category": "Math",
		"description": "获取指定的float表达式的指数值。例如，EXP（LOG（20））是20。",
		"signature": "Exp(float_expression)",
		"parameters": [
			{
				"name": "float_expression",
				"value": "The float expression."
			}
		]
	},
	{
		"name": "Floor",
		"category": "Math",
		"description": "获取小于或等于数值表达式的最大整数。",
		"signature": "Floor(numeric_expression )",
		"parameters": [
			{
				"name": "numeric_expression",
				"value": " The expression of an indeterminate numeric data type except for the bit data type."
			}
		]
	},
	{
		"name": "Log",
		"category": "Math",
		"description": "获取指定的float表达式的自然对数。",
		"signature": "Floor(float_expression,[,base ])",
		"parameters": [
			{
				"name": "float_expression",
				"value": "The float expression."
			},
			{
				"name": "base",
				"value": "The optional integer argument that sets the base for the logarithm."
			}
		]
	},
	{
		"name": "Log10",
		"category": "Math",
		"description": "获取指定的float表达式的以10为基数的对数。",
		"signature": "Log10(float_expression)",
		"parameters": [
			{
				"name": "float_expression",
				"value": "The expression of type float."
			}
		]
	},
	{
		"name": "PI",
		"category": "Math",
		"description": "获取π的常量值。",
		"signature": "PI()"
	},
	{
		"name": "Power",
		"category": "Math",
		"description": "获取值为指定数数值（x）的指定数值（y）的幂次方的数值。",
		"signature": "Power(float_expression, y)",
		"parameters": [
			{
				"name": "float_expression",
				"value": "The float expression."
			},
			{
				"name": "y",
				"value": "The power to raise float_expression to."
			}
		]
	},
	{
		"name": "Radians",
		"category": "Math",
		"description": "获取值为以度为指定数值表达式的数值（以弧度为单位）。",
		"signature": "Radians(float_expression)",
		"parameters": [
			{
				"name": "float_expression",
				"value": "The degrees of the angle as a float expression."
			}
		]
	},
	{
		"name": "Rand",
		"category": "Math",
		"description": "获取从0到1的伪随机浮点值（不包括0和1）。",
		"signature": "Rand(integer_seed)",
		"parameters": [
			{
				"name": "integer_seed",
				"value": "The optional integer expression that specifies the seed value. If seed is not specified, a seed value at random will be assigned."
			}
		]
	},
	{
		"name": "Round",
		"category": "Math",
		"description": "获取舍入为指定长度或精度的数值。 ",
		"signature": "Round(numeric_expression , integer_length [ ,function ])",
		"parameters": [
			{
				"name": "numeric_expression",
				"value": " The expression of a numeric data type."
			},
			{
				"name": "integer_length",
				"value": "The precision to round the numeric expression to."
			},
			{
				"name": "function",
				"value": " The optional type of operation to perform. When the function parameter is omitted or has a value of 0 (default), numeric_expression is rounded. When a value other than 0 is specified, numeric_expression is truncated."
			}
		]
	},
	{
		"name": "Sign",
		"category": "Math",
		"description": "指定表达式的正号（1），0或负号（-1）。",
		"signature": "Sign(numeric_expression )",
		"parameters": [
			{
				"name": "numeric_expression",
				"value": "The expression of an indeterminate data type except for the bit data type."
			}
		]
	},
	{
		"name": "Sin",
		"category": "Math",
		"description": "获取指定角度的正弦值。",
		"signature": "Sin(float_expression)",
		"parameters": [
			{
				"name": "float_expression",
				"value": "The float expression specifying the angle in radians."
			}
		]
	},
	{
		"name": "Sqrt",
		"category": "Math",
		"description": "获取指定float值的平方根。",
		"signature": "Sqrt(float_expression)",
		"parameters": [
			{
				"name": "float_expression",
				"value": "The expression of type float."
			}
		]
	},
	{
		"name": "Square",
		"category": "Math",
		"description": "获取指定float值的平方。",
		"signature": "Square(float_expression)",
		"parameters": [
			{
				"name": "float_expression",
				"value": "The expression of type float."
			}
		]
	},
	{
		"name": "Tan",
		"category": "Math",
		"description": "获取指定角度的正弦值。",
		"signature": "Tan(float_expression)",
		"parameters": [
			{
				"name": "float_expression",
				"value": "The expression of type float."
			}
		]
	}
]