{
  "commands": {
    "fullscreen": "全屏",
    "history": "前进后退",
    "mousemode": "平移",
    "navigation": "翻页",
    "print": "打印",
    "refresh": "刷新",
    "singlepagemode": "单页视图",
    "continuousmode": "多页视图",
    "galleymode": "不分页",
	"zoom": "缩放",
	"pdf": "PDF",
	"excel": "Excel",
	"docx": "Word",
	"image": "Image",
	"html": "HTML",
	"csv": "CSV",
	"json": "JSON",
	"txt": "TXT",
	"xml": "XML"
  },
  "commandsTitle": "工具栏选项",
  "saveCommandsError": "保存报表的工具栏选项时出现错误，请重试！",
  "getCommandsError": "加载报表的工具栏选项时出现错误，请重试！"
}
