{
  // general
  "subject": "Document <{{document}}> Task failed",
  "body": "Doucment Name: {{documentName}};\r\nDocument type:{{documentType}};\r\nError Message:{{errorMessage}}\r\n",

  // documentTypeName
  "dbd!name": "Dashboards",
  "rdl!name": "Reports",
  "dataset!name": "Datasets",
  "dsc!name": "Data Sources",

  // executionException Common
  "executionErr_10001": "[Execution Error] Unknown cot task status.",
  "executionErr_10002": "[Execution Error] Cot task not found.",
  "executionErr_10003": "[Execution Error] Cot task not created.",
  "executionErr_10004": "[Execution Error] An IO error occurred: {{errorMessage}}.",

  // executionException DataSourceTask
  "executionErr_11001": "[Execution Error] The specified directory is not found.",
  "executionErr_11002": "[Execution Error] You don\"t have permission to access datasource.",
  "executionErr_11003": "[Execution Error] File:{{errorUsing}} is being used and file:{{errorDestroy}} can\'t be extracted,please check the file format.",
  "executionErr_11004": "[Execution Error] File:{{errorUsing}} is being used.",
  "executionErr_11005": "[Execution Error] File:{{errorDestroy}} can\'t be extracted, please check the file format or the file password.",
  "executionErr_11006": "[Execution Error] Overwrite operation does not support multiple files.",
  "executionErr_11007": "[Execution Error] Cannot get correct response from refresh cot api.",

  // executionException DatasetRefresh
  "executionErr_12001": "[Execution Error] RefreshCot exception: {{errorMessage}}.",

  // executionException DashboardExport
  "executionErr_13001": "[Execution Error] {{errorMessage}}.",

  // refreshTokenException
  "securityErr_10001": "[Security Error] Discovery Client Retrieves discovery document error.",
  "securityErr_10002": "[Security Error] Get discovery document error.",
  "securityErr_10003": "[Security Error] Request refresh token error. \r\nException:{{errorMessage}}. \r\nStackTracke:{{stackTrace}}.",
  "securityErr_10004": "[Security Error] {{errorMessage}}.",

  // deploymentException
  "deploymentErr_10001": "[Deployment Error] Email domain error: Recipients email address outside your organization.",
  "deploymentErr_10002": "[Deployment Error] Mailing error: {{errorMessage}}.",
  "deploymentErr_10003": "[Deployment Error] Mailing error: {{errorMessage}}.",
  "deploymentErr_10004": "[Deployment Error] Mailing error: {{errorMessage}}.",
  "deploymentErr_10005": "[Deployment Error] File share error: {{errorMessage}}",
  "deploymentErr_10006": "[Deployment Error] Result expiration date have already passed.",
  "deploymentErr_10007": "[Deployment Error] Not delivered because the report is empty.",
  "deploymentErr_10008": "[Deployment Error] Access to the path \"{{filePath}}\" is denied.",
  "deploymentErr_10009": "[Deployment Error] Could not find a part of the path \"{{filePath}}\"."
}