﻿{
  "resources": [
    {
      "key": "Email",
      "value": "邮箱"
    },
    {
      "key": "EmailDesp",
      "value": "用户的邮箱地址，不能重复，不能为空。"
    },
    {
      "key": "Enabled",
      "value": "是否启用"
    },
    {
      "key": "EnabledDesp",
      "value": "用户是否启用，可以是“是”或者“否”，默认启用，可以为空。"
    },
    {
      "key": "ExportFileName",
      "value": "用户.xlsx"
    },
    {
      "key": "FalseStr",
      "value": "否"
    },
    {
      "key": "FirstName",
      "value": "名"
    },
    {
      "key": "FirstNameDesp",
      "value": "用户的名字，可以为空。"
    },
    {
      "key": "FullName",
      "value": "全名"
    },
    {
      "key": "FullNameDesp",
      "value": "用户的全名。"
    },
    {
      "key": "Id",
      "value": "Id"
    },
    {
      "key": "IdDesp",
      "value": "用户的唯一标识，当用户的提供者是“local”的时候可以为空。"
    },
    {
      "key": "LastName",
      "value": "姓"
    },
    {
      "key": "LastNameDesp",
      "value": "用户的姓，可以为空。"
    },
    {
      "key": "Mobile",
      "value": "手机号码"
    },
    {
      "key": "MobileDesp",
      "value": "用户的手机号码，不能重复，可以为空。"
    },
    {
      "key": "Password",
      "value": "密码"
    },
    {
      "key": "PasswordDesp",
      "value": "用户的密码。当用户的提供者是“local”的时候必须指定密码。"
    },
    {
      "key": "Provider",
      "value": "提供者"
    },
    {
      "key": "ProviderDesp",
      "value": "用户提供者，默认值是“local”，可以为空。"
    },
    {
      "key": "Roles",
      "value": "角色"
    },
    {
      "key": "RolesDesp",
      "value": "用户的角色，可用‘,’分隔，这些角色必须是已经定义好的，可以为空。"
    },
    {
      "key": "TemplateFileName",
      "value": "用户模板.xlsx"
    },
    {
      "key": "TrueStr",
      "value": "是"
    },
    {
      "key": "UC_ImportUser_EmptyExternalUserId",
      "value": "外部用户的id不能为空。"
    },
    {
      "key": "UC_ImportUser_EmptyPassword",
      "value": "密码不能为空。"
    },
    {
      "key": "UC_ImportUser_EmptyUserEmail",
      "value": "邮箱不能为空。"
    },
    {
      "key": "UC_ImportUser_EmptyUserName",
      "value": "用户名不能为空。"
    },
    {
      "key": "UC_ImportUser_InvalidEmailAddress",
      "value": "非法的邮箱地址。"
    },
    {
      "key": "UC_ImportUser_InvalidEnabledValue",
      "value": "非法值。"
    },
    {
      "key": "UC_ImportUser_InvalidPassword",
      "value": "错误的密码格式。密码应该同时包含大写字母，小写字母和数字，并且长度要在8-32位之间。"
    },
    {
      "key": "UC_ImportUser_RoleNotExist",
      "value": "角色“{0}”不存在。"
    },
    {
      "key": "UC_ImportUser_UserEmailAlreadyExists",
      "value": "邮箱已经存在。"
    },
    {
      "key": "UC_ImportUser_UserIdAlreadyExists",
      "value": "用户id已经存在。"
    },
    {
      "key": "UC_ImportUser_UserMobileAlreadyExists",
      "value": "手机号码已经存在。"
    },
    {
      "key": "UC_ImportUser_UserNameAlreadyExists",
      "value": "用户名已经存在。"
    },
    {
      "key": "UC_InvalidUserTemplateFormat",
      "value": "非法的用户模板格式。"
    },
    {
      "key": "UC_LanguageNotSupport",
      "value": "不支持的语言。"
    },
    {
      "key": "UC_NoUserDetected",
      "value": "没有检测到用户信息。"
    },
    {
      "key": "UC_NoVisibleSpreadSheet",
      "value": "没有可见的Excel页面。"
    },
    {
      "key": "UserName",
      "value": "用户名"
    },
    {
      "key": "UserNameDesp",
      "value": "用户名，不能重复，不能为空。"
    }
  ]
}