﻿{
  "resources": [
    {
      "key": "CPC_CustomizePropertyAlreadyExists",
      "value": "用户自定义属性已经存在。"
    },
    {
      "key": "CPC_CustomizePropertyNotExist",
      "value": "用户自定义属性已经存在。"
    },
    {
      "key": "CPC_InvalidCustomizePropertyName",
      "value": "非法的用户自定义属性名。属性名的长度应该在1-64位之间，不能包含符号‘<’，‘>'，’/‘，’\\‘和’$‘，并且不能包含一些特殊的关键字。"
    }
  ]
}