﻿{
  "resources": [
    {
      "key": "CMC_BuiltInClaimMappingDeleteError",
      "value": "内置的用户上下文不能被删除。"
    },
    {
      "key": "CMC_BuiltInClaimMappingModifyError",
      "value": "内置的用户上下文不能修改。"
    },
    {
      "key": "CMC_ClaimMappingAlreadyExists",
      "value": "用户上下文已经存在。"
    },
    {
      "key": "CMC_ClaimMappingNotExist",
      "value": "用户上下文不存在。"
    },
    {
      "key": "CMC_CustomizePropertyNotExist",
      "value": "用户自定义属性不存在。"
    },
    {
      "key": "CMC_InvalidClaimMappingName",
      "value": "非法的用户上下文名称。用户上下文名称的长度应该在1-64位之间，不能包含符号‘<’，‘>'，’/‘，’\\‘和’$‘，并且不能包含一些特殊的关键字。"
    }
  ]
}